{
  "config": {
    "run_name": "exp1_2_L8_K32",
    "out_dir": "./results",
    "seed": 1207510613,
    "bs_train": 128,
    "bs_test": 32,
    "batches": 100,
    "epochs": 100,
    "early_stopping": 3,
    "checkpoints": null,
    "lr": 0.0001,
    "reg": 1e-06,
    "filters_per_layer": [
      32
    ],
    "pool_every": 4,
    "hidden_dims": [
      1024
    ],
    "ycn": false,
    "kw": {},
    "layers_per_block": 8
  },
  "results": {
    "num_epochs": 0,
    "train_loss": [
      1.9334962368011475,
      1.6681084632873535,
      1.5189390182495117,
      1.4275785684585571,
      1.3478730916976929,
      1.2812336683273315,
      1.2206940650939941,
      1.162432312965393,
      1.104102611541748,
      1.0431666374206543,
      0.9784019589424133,
      0.9119623303413391,
      0.8404383063316345,
      0.7668711543083191,
      0.6892629265785217,
      0.60572749376297,
      0.5214539170265198,
      0.4360434412956238,
      0.3518458902835846,
      0.2785285711288452,
      0.2133456915616989
    ],
    "train_acc": [
      28.928,
      39.496,
      45.662,
      49.31,
      52.044,
      54.518,
      56.774,
      58.982,
      61.106,
      63.488,
      66.012,
      68.26,
      70.708,
      73.472,
      76.132,
      79.09,
      82.154,
      85.016,
      87.898,
      90.542,
      92.766
    ],
    "test_loss": [
      1.7403031587600708,
      1.5427465438842773,
      1.5108495950698853,
      1.379830002784729,
      1.4216582775115967,
      1.3028919696807861,
      1.2802793979644775,
      1.2759588956832886,
      1.2038795948028564,
      1.1734915971755981,
      1.1454824209213257,
      1.1548939943313599,
      1.2744346857070923,
      1.2183451652526855,
      1.2309930324554443,
      1.3001374006271362,
      1.4313740730285645,
      1.4308199882507324,
      1.6201167106628418,
      1.813717246055603,
      1.973575472831726
    ],
    "test_acc": [
      36.42,
      44.48,
      45.41,
      50.67,
      50.03,
      53.83,
      54.33,
      54.62,
      57.63,
      58.73,
      59.99,
      60.03,
      57.15,
      59.83,
      60.99,
      60.04,
      59.7,
      61.03,
      60.76,
      59.68,
      60.75
    ]
  }
}