{
  "config": {
    "run_name": "exp1_1_K64_L4",
    "out_dir": "./results",
    "seed": 143534,
    "bs_train": 128,
    "bs_test": 32,
    "batches": 100,
    "epochs": 100,
    "early_stopping": 3,
    "checkpoints": null,
    "lr": 0.001,
    "reg": 0.001,
    "filters_per_layer": [
      32
    ],
    "pool_every": 2,
    "hidden_dims": [
      100,
      100
    ],
    "ycn": false,
    "kw": {},
    "layers_per_block": 4
  },
  "results": {
    "num_epochs": 0,
    "train_loss": [
      2.003145217895508,
      1.6137748956680298,
      1.4744727611541748,
      1.364488959312439,
      1.2739229202270508,
      1.1994829177856445,
      1.1344949007034302,
      1.073553442955017,
      1.0208203792572021,
      0.9751513600349426,
      0.9312574863433838,
      0.8964913487434387,
      0.8601338863372803,
      0.8318973183631897,
      0.8037245273590088,
      0.7822648286819458,
      0.7616004347801208,
      0.7386812567710876,
      0.7169070839881897,
      0.6984549760818481,
      0.6834691762924194,
      0.6607085466384888,
      0.6486643552780151,
      0.6278157830238342,
      0.6141974329948425
    ],
    "train_acc": [
      25.08,
      40.922,
      46.038,
      50.628,
      54.088,
      56.99,
      59.49,
      61.782,
      63.768,
      65.448,
      66.992,
      68.34,
      69.562,
      70.468,
      71.446,
      72.372,
      73.02,
      73.946,
      74.608,
      75.24,
      75.608,
      76.626,
      76.994,
      77.76,
      78.178
    ],
    "test_loss": [
      1.708743691444397,
      1.5147820711135864,
      1.4427546262741089,
      1.3476420640945435,
      1.2655463218688965,
      1.212197184562683,
      1.1339970827102661,
      1.210230827331543,
      1.1860889196395874,
      1.073296308517456,
      1.0013525485992432,
      1.0268700122833252,
      1.0450527667999268,
      1.0070805549621582,
      0.9596203565597534,
      0.9807714819908142,
      1.130962610244751,
      0.9494043588638306,
      0.9299409985542297,
      1.009878158569336,
      0.9794552326202393,
      0.9100435376167297,
      0.9791826605796814,
      1.0172613859176636,
      0.953154444694519
    ],
    "test_acc": [
      38.19,
      44.42,
      48.03,
      52.23,
      53.94,
      56.93,
      59.25,
      57.93,
      58.07,
      62.42,
      64.71,
      63.96,
      62.98,
      65.4,
      66.27,
      66.37,
      62.24,
      67.29,
      67.89,
      65.61,
      66.71,
      68.87,
      67.23,
      66.84,
      68.58
    ]
  }
}