{
  "config": {
    "run_name": "exp1_2_L2_K64",
    "out_dir": "./results",
    "seed": 1207510613,
    "bs_train": 128,
    "bs_test": 32,
    "batches": 100,
    "epochs": 100,
    "early_stopping": 3,
    "checkpoints": null,
    "lr": 0.001,
    "reg": 0.001,
    "filters_per_layer": [
      32
    ],
    "pool_every": 1,
    "hidden_dims": [
      1024
    ],
    "ycn": false,
    "kw": {},
    "layers_per_block": 2
  },
  "results": {
    "num_epochs": 0,
    "train_loss": [
      1.8041222095489502,
      1.4108821153640747,
      1.2803797721862793,
      1.1597322225570679,
      1.0556708574295044,
      0.9624918699264526,
      0.8914552330970764,
      0.8254944086074829,
      0.7589643001556396,
      0.6924186944961548,
      0.6339935660362244,
      0.5808127522468567,
      0.5160855054855347
    ],
    "train_acc": [
      37.482,
      49.32,
      54.296,
      58.916,
      62.846,
      66.058,
      68.934,
      71.27,
      73.546,
      76.0,
      78.072,
      79.724,
      82.204
    ],
    "test_loss": [
      1.5631216764450073,
      1.3149186372756958,
      1.232769250869751,
      1.1072883605957031,
      1.0540791749954224,
      1.0425204038619995,
      0.9820416569709778,
      0.9719898104667664,
      1.1842275857925415,
      1.0069913864135742,
      1.125451922416687,
      1.0583888292312622,
      1.0578789710998535
    ],
    "test_acc": [
      42.82,
      53.22,
      55.77,
      60.5,
      62.18,
      63.23,
      65.61,
      65.76,
      60.07,
      65.96,
      63.6,
      65.55,
      65.54
    ]
  }
}