{
  "config": {
    "run_name": "exp1_1_K32_L4",
    "out_dir": "./results",
    "seed": 143534,
    "bs_train": 128,
    "bs_test": 32,
    "batches": 100,
    "epochs": 100,
    "early_stopping": 3,
    "checkpoints": null,
    "lr": 0.001,
    "reg": 0.001,
    "filters_per_layer": [
      32
    ],
    "pool_every": 2,
    "hidden_dims": [
      100,
      100
    ],
    "ycn": false,
    "kw": {},
    "layers_per_block": 2
  },
  "results": {
    "num_epochs": 0,
    "train_loss": [
      1.8128477334976196,
      1.3989392518997192,
      1.2300857305526733,
      1.1289721727371216,
      1.0454785823822021,
      0.9759087562561035,
      0.9218205213546753,
      0.8639569878578186,
      0.8273579478263855,
      0.7779947519302368,
      0.7395607829093933,
      0.6972363591194153,
      0.668195903301239,
      0.6295379996299744,
      0.6015892624855042
    ],
    "train_acc": [
      34.69,
      49.794,
      56.338,
      59.762,
      62.69,
      65.35,
      67.492,
      69.568,
      70.876,
      72.346,
      73.932,
      75.272,
      76.294,
      77.504,
      78.836
    ],
    "test_loss": [
      1.476731300354004,
      1.3588318824768066,
      1.215120553970337,
      1.1145169734954834,
      1.0970144271850586,
      1.0365805625915527,
      1.0384806394577026,
      1.1038689613342285,
      0.9901175498962402,
      0.9675537943840027,
      1.033517837524414,
      0.9576101303100586,
      1.0727421045303345,
      1.023525357246399,
      1.019290566444397
    ],
    "test_acc": [
      46.95,
      51.69,
      56.61,
      59.59,
      61.09,
      63.03,
      63.61,
      61.47,
      65.7,
      66.07,
      64.25,
      66.99,
      62.92,
      66.12,
      66.93
    ]
  }
}