{
  "config": {
    "run_name": "exp1_2_L4_K32",
    "out_dir": "./results",
    "seed": 1207510613,
    "bs_train": 128,
    "bs_test": 32,
    "batches": 100,
    "epochs": 100,
    "early_stopping": 3,
    "checkpoints": null,
    "lr": 0.001,
    "reg": 0.001,
    "filters_per_layer": [
      258
    ],
    "pool_every": 1,
    "hidden_dims": [
      1024
    ],
    "ycn": false,
    "kw": {},
    "layers_per_block": 3
  },
  "results": {
    "num_epochs": 0,
    "train_loss": [
      12.178197860717773,
      1.4588974714279175,
      1.3488678932189941,
      1.17091703414917,
      1.07225501537323,
      0.9834992289543152,
      0.9116213917732239,
      0.8431799411773682,
      0.7926971316337585,
      0.7404801249504089,
      0.6941311359405518,
      0.6473209261894226,
      0.6218466758728027,
      0.5638133883476257,
      0.535028338432312,
      0.5008689165115356,
      0.4655364751815796,
      0.4318949580192566
    ],
    "train_acc": [
      33.234,
      47.648,
      52.828,
      58.46,
      62.208,
      65.298,
      67.882,
      70.348,
      72.004,
      73.83,
      75.642,
      77.154,
      78.09,
      80.306,
      81.22,
      82.52,
      83.77,
      84.8
    ],
    "test_loss": [
      1.5101745128631592,
      1.315103530883789,
      1.2552597522735596,
      1.1853783130645752,
      1.0975476503372192,
      1.0074535608291626,
      1.0577281713485718,
      1.0111956596374512,
      0.9767338633537292,
      0.951566755771637,
      0.9361689686775208,
      0.9038839936256409,
      1.019733190536499,
      0.9495320916175842,
      0.9336225986480713,
      0.9558231830596924,
      0.9754881858825684,
      1.0032612085342407
    ],
    "test_acc": [
      45.61,
      53.15,
      55.75,
      57.75,
      60.93,
      65.02,
      63.16,
      64.56,
      66.73,
      66.82,
      67.58,
      69.33,
      67.1,
      68.79,
      70.3,
      69.48,
      69.54,
      69.91
    ]
  }
}