{
  "config": {
    "run_name": "exp1_2_L4_K258",
    "out_dir": "./results",
    "seed": 1023631440,
    "bs_train": 128,
    "bs_test": 32,
    "batches": 100,
    "epochs": 100,
    "early_stopping": 3,
    "checkpoints": null,
    "lr": 0.001,
    "reg": 0.001,
    "filters_per_layer": [
      258
    ],
    "pool_every": 8,
    "hidden_dims": [
      1024
    ],
    "ycn": false,
    "kw": {},
    "layers_per_block": 4
  },
  "results": {
    "num_epochs": 0,
    "train_loss": [
      102.08760833740234,
      1.7524242401123047,
      1.4722598791122437,
      1.3517059087753296,
      1.2217557430267334,
      1.0991078615188599,
      0.9940945506095886,
      0.9276701211929321,
      0.8352876305580139,
      0.7523247003555298,
      0.6580551266670227
    ],
    "train_acc": [
      19.698,
      36.62,
      47.36,
      51.9,
      56.534,
      61.176,
      65.164,
      67.684,
      70.808,
      73.884,
      77.068
    ],
    "test_loss": [
      1.9455527067184448,
      1.9694201946258545,
      1.6704031229019165,
      1.4019978046417236,
      1.2390676736831665,
      1.281042456626892,
      1.1289881467819214,
      1.0836766958236694,
      1.2125667333602905,
      1.4585636854171753,
      1.1819162368774414
    ],
    "test_acc": [
      29.1,
      35.97,
      41.74,
      49.09,
      55.25,
      54.1,
      60.64,
      61.84,
      60.26,
      51.9,
      61.28
    ]
  }
}