{
  "config": {
    "run_name": "exp1_1_K32_L2",
    "out_dir": "./results",
    "seed": 143534,
    "bs_train": 128,
    "bs_test": 32,
    "batches": 100,
    "epochs": 100,
    "early_stopping": 3,
    "checkpoints": null,
    "lr": 0.001,
    "reg": 0.001,
    "filters_per_layer": [
      32
    ],
    "pool_every": 2,
    "hidden_dims": [
      100,
      100
    ],
    "ycn": false,
    "kw": {},
    "layers_per_block": 2
  },
  "results": {
    "num_epochs": 0,
    "train_loss": [
      1.8220317363739014,
      1.4062397480010986,
      1.2350752353668213,
      1.126407504081726,
      1.0344053506851196,
      0.9604285955429077,
      0.9009273052215576,
      0.8419497609138489,
      0.7947181463241577,
      0.7427585124969482,
      0.7021604776382446,
      0.6569764018058777,
      0.6179795861244202,
      0.5765836238861084,
      0.5465574264526367
    ],
    "train_acc": [
      34.298,
      49.28,
      55.962,
      59.97,
      63.202,
      66.12,
      68.254,
      70.25,
      71.91,
      73.884,
      75.116,
      76.852,
      78.038,
      79.576,
      80.888
    ],
    "test_loss": [
      1.494726538658142,
      1.376941442489624,
      1.1973567008972168,
      1.1193608045578003,
      1.049114465713501,
      1.0596139430999756,
      1.0373750925064087,
      1.0308066606521606,
      1.0115118026733398,
      0.9749652743339539,
      1.0871813297271729,
      0.9585632681846619,
      1.0141667127609253,
      1.0623193979263306,
      1.127267837524414
    ],
    "test_acc": [
      46.6,
      50.65,
      57.62,
      59.69,
      62.92,
      62.03,
      62.95,
      64.09,
      65.03,
      66.27,
      62.98,
      67.32,
      65.7,
      65.66,
      64.38
    ]
  }
}