{
  "config": {
    "run_name": "exp1_3_L1_K64-128-256",
    "out_dir": "./results",
    "seed": 138357812,
    "bs_train": 128,
    "bs_test": 32,
    "batches": 100,
    "epochs": 100,
    "early_stopping": 3,
    "checkpoints": null,
    "lr": 0.001,
    "reg": 0.001,
    "filters_per_layer": [
      64,
      128,
      258
    ],
    "pool_every": 2,
    "hidden_dims": [
      100,
      100
    ],
    "ycn": false,
    "kw": {},
    "layers_per_block": 1
  },
  "results": {
    "num_epochs": 0,
    "train_loss": [
      1.920469045639038,
      1.4212607145309448,
      1.2110430002212524,
      1.068188190460205,
      0.9490106105804443,
      0.860927939414978,
      0.7780663967132568,
      0.7184060215950012,
      0.6528576016426086,
      0.6020449995994568,
      0.540871262550354,
      0.49847766757011414
    ],
    "train_acc": [
      29.992,
      48.668,
      56.706,
      62.236,
      66.608,
      69.782,
      72.702,
      74.792,
      77.076,
      78.91,
      81.256,
      82.526
    ],
    "test_loss": [
      1.76007080078125,
      1.261286973953247,
      1.1397221088409424,
      1.0412676334381104,
      0.9949048161506653,
      0.887722909450531,
      0.9651279449462891,
      0.8423560857772827,
      0.824275016784668,
      0.8420946598052979,
      0.8623253107070923,
      0.879124641418457
    ],
    "test_acc": [
      39.46,
      55.24,
      59.41,
      63.33,
      64.48,
      68.65,
      66.91,
      70.33,
      71.54,
      71.25,
      70.83,
      71.51
    ]
  }
}