{
  "config": {
    "run_name": "exp1_2_L4_K64",
    "out_dir": "./results",
    "seed": 1207510613,
    "bs_train": 128,
    "bs_test": 32,
    "batches": 100,
    "epochs": 100,
    "early_stopping": 3,
    "checkpoints": null,
    "lr": 0.001,
    "reg": 0.001,
    "filters_per_layer": [
      64
    ],
    "pool_every": 2,
    "hidden_dims": [
      1024
    ],
    "ycn": false,
    "kw": {},
    "layers_per_block": 2
  },
  "results": {
    "num_epochs": 0,
    "train_loss": [
      1.9233922958374023,
      1.3618316650390625,
      1.2018672227859497,
      1.085451602935791,
      1.0143276453018188,
      0.9260185956954956,
      0.8384064435958862,
      0.7737834453582764,
      0.6959760189056396,
      0.6321943402290344,
      0.562232494354248,
      0.49537354707717896,
      0.4416697323322296
    ],
    "train_acc": [
      36.35,
      51.66,
      57.448,
      61.454,
      64.416,
      67.722,
      70.692,
      73.27,
      75.652,
      77.994,
      80.68,
      82.778,
      84.636
    ],
    "test_loss": [
      1.566928505897522,
      1.284104585647583,
      1.1887433528900146,
      1.1601035594940186,
      1.0177994966506958,
      1.0232402086257935,
      1.0272417068481445,
      1.0730170011520386,
      1.0514627695083618,
      0.9634783267974854,
      1.041890025138855,
      1.0424739122390747,
      1.1566764116287231
    ],
    "test_acc": [
      43.03,
      53.97,
      57.67,
      59.59,
      63.82,
      63.93,
      63.39,
      62.1,
      64.56,
      66.94,
      65.96,
      66.85,
      64.3
    ]
  }
}