{
  "config": {
    "run_name": "exp1_3_L2_K64-128-256",
    "out_dir": "./results",
    "seed": 138357812,
    "bs_train": 128,
    "bs_test": 32,
    "batches": 100,
    "epochs": 100,
    "early_stopping": 3,
    "checkpoints": null,
    "lr": 0.001,
    "reg": 0.001,
    "filters_per_layer": [
      64,
      128,
      258
    ],
    "pool_every": 2,
    "hidden_dims": [
      100,
      100
    ],
    "ycn": false,
    "kw": {},
    "layers_per_block": 1
  },
  "results": {
    "num_epochs": 0,
    "train_loss": [
      1.9145139455795288,
      1.4409149885177612,
      1.2166340351104736,
      1.046005129814148,
      0.9243308305740356,
      0.8336496949195862,
      0.7548101544380188,
      0.6909001469612122,
      0.6527248024940491,
      0.5821811556816101,
      0.5217680931091309,
      0.4811656177043915,
      0.43257784843444824,
      0.4082537889480591
    ],
    "train_acc": [
      30.422,
      48.092,
      56.49,
      63.012,
      67.628,
      70.894,
      73.726,
      75.922,
      77.382,
      79.774,
      82.066,
      83.228,
      85.096,
      86.076
    ],
    "test_loss": [
      1.6191269159317017,
      1.3379806280136108,
      1.0989248752593994,
      0.9991530179977417,
      0.960770308971405,
      0.9450331926345825,
      0.9153990745544434,
      0.9489582777023315,
      0.8037580847740173,
      0.7979470491409302,
      0.7600280046463013,
      0.9533734917640686,
      1.007257103919983,
      0.8834338188171387
    ],
    "test_acc": [
      42.73,
      51.45,
      60.86,
      65.12,
      65.77,
      67.21,
      68.46,
      67.73,
      72.39,
      73.17,
      74.4,
      70.82,
      70.15,
      72.62
    ]
  }
}