{
  "config": {
    "run_name": "exp1_2_L2_K32",
    "out_dir": "./results",
    "seed": 1207510613,
    "bs_train": 128,
    "bs_test": 32,
    "batches": 100,
    "epochs": 100,
    "early_stopping": 3,
    "checkpoints": null,
    "lr": 0.001,
    "reg": 0.001,
    "filters_per_layer": [
      32
    ],
    "pool_every": 1,
    "hidden_dims": [
      1024
    ],
    "ycn": false,
    "kw": {},
    "layers_per_block": 2
  },
  "results": {
    "num_epochs": 0,
    "train_loss": [
      1.8028984069824219,
      1.410459280014038,
      1.257123589515686,
      1.137507438659668,
      1.0303287506103516,
      0.9397703409194946,
      0.8698343634605408,
      0.8039278984069824,
      0.7391096949577332,
      0.6719896793365479,
      0.6360906958580017,
      0.5617536902427673,
      0.5064954161643982,
      0.45442095398902893,
      0.41003522276878357,
      0.37004193663597107
    ],
    "train_acc": [
      37.522,
      49.196,
      55.256,
      59.95,
      63.732,
      66.954,
      69.624,
      72.012,
      74.322,
      76.77,
      78.754,
      80.562,
      82.794,
      84.494,
      86.27,
      87.466
    ],
    "test_loss": [
      1.559131145477295,
      1.3395330905914307,
      1.2314459085464478,
      1.0748432874679565,
      1.0321193933486938,
      1.057234287261963,
      0.9866551756858826,
      0.9672891497612,
      1.180517315864563,
      1.0103180408477783,
      1.002966046333313,
      1.0414526462554932,
      0.9609954357147217,
      1.0261670351028442,
      1.1171945333480835,
      1.1953585147857666
    ],
    "test_acc": [
      42.56,
      51.15,
      56.12,
      61.59,
      63.37,
      62.45,
      65.22,
      66.11,
      60.74,
      65.64,
      66.94,
      65.66,
      68.15,
      67.18,
      65.95,
      64.14
    ]
  }
}