{
  "config": {
    "run_name": "exp1_1_K64_L2",
    "out_dir": "./results",
    "seed": 143534,
    "bs_train": 128,
    "bs_test": 32,
    "batches": 100,
    "epochs": 100,
    "early_stopping": 3,
    "checkpoints": null,
    "lr": 0.001,
    "reg": 0.001,
    "filters_per_layer": [
      32
    ],
    "pool_every": 2,
    "hidden_dims": [
      100,
      100
    ],
    "ycn": false,
    "kw": {},
    "layers_per_block": 2
  },
  "results": {
    "num_epochs": 0,
    "train_loss": [
      1.8202662467956543,
      1.4172157049179077,
      1.2361761331558228,
      1.125507116317749,
      1.0327285528182983,
      0.9567934274673462,
      0.9063186049461365,
      0.8439298272132874,
      0.7968331575393677,
      0.7516652941703796,
      0.709540069103241,
      0.664424479007721,
      0.6294443011283875,
      0.5868710279464722,
      0.5567643046379089
    ],
    "train_acc": [
      34.516,
      49.014,
      55.8,
      59.926,
      63.348,
      66.108,
      67.984,
      70.212,
      71.758,
      73.49,
      74.992,
      76.666,
      77.876,
      79.246,
      80.29
    ],
    "test_loss": [
      1.498560905456543,
      1.3761510848999023,
      1.2239235639572144,
      1.0950239896774292,
      1.0934183597564697,
      1.0443201065063477,
      1.0485494136810303,
      1.0227307081222534,
      1.0465192794799805,
      0.9690114259719849,
      1.1216764450073242,
      0.9723355174064636,
      1.0926021337509155,
      1.0339871644973755,
      1.0360429286956787
    ],
    "test_acc": [
      46.35,
      51.44,
      56.35,
      60.4,
      61.47,
      62.67,
      63.04,
      63.76,
      64.34,
      65.96,
      61.89,
      66.25,
      63.96,
      65.63,
      65.84
    ]
  }
}