{
  "config": {
    "run_name": "exp1_2_L2_K128",
    "out_dir": "./results",
    "seed": 1207510613,
    "bs_train": 128,
    "bs_test": 32,
    "batches": 100,
    "epochs": 100,
    "early_stopping": 3,
    "checkpoints": null,
    "lr": 0.001,
    "reg": 0.001,
    "filters_per_layer": [
      128
    ],
    "pool_every": 4,
    "hidden_dims": [
      1024
    ],
    "ycn": false,
    "kw": {},
    "layers_per_block": 2
  },
  "results": {
    "num_epochs": 0,
    "train_loss": [
      3.6779391765594482,
      1.4139760732650757,
      1.2403196096420288,
      1.1177325248718262,
      1.0272014141082764,
      0.9343166351318359,
      0.8763646483421326,
      0.7920438647270203,
      0.7430833578109741,
      0.6717354655265808,
      0.6226842403411865
    ],
    "train_acc": [
      34.416,
      49.572,
      55.934,
      60.65,
      64.048,
      66.89,
      69.336,
      72.304,
      74.148,
      76.716,
      78.294
    ],
    "test_loss": [
      1.5738660097122192,
      1.2732970714569092,
      1.1463990211486816,
      1.116968035697937,
      1.0233877897262573,
      1.017006278038025,
      1.0404481887817383,
      1.037534475326538,
      1.0435056686401367,
      1.043758511543274,
      1.1925010681152344
    ],
    "test_acc": [
      44.42,
      54.91,
      58.6,
      60.32,
      63.51,
      64.3,
      63.57,
      64.76,
      64.15,
      64.6,
      60.28
    ]
  }
}