{
  "config": {
    "run_name": "exp1_3_L3_K64-128-256",
    "out_dir": "./results",
    "seed": 138357812,
    "bs_train": 128,
    "bs_test": 32,
    "batches": 100,
    "epochs": 100,
    "early_stopping": 3,
    "checkpoints": null,
    "lr": 0.001,
    "reg": 0.001,
    "filters_per_layer": [
      64,
      128,
      258
    ],
    "pool_every": 2,
    "hidden_dims": [
      100,
      100
    ],
    "ycn": false,
    "kw": {},
    "layers_per_block": 1
  },
  "results": {
    "num_epochs": 0,
    "train_loss": [
      1.9243981838226318,
      1.4609707593917847,
      1.2582926750183105,
      1.121236801147461,
      1.0057995319366455,
      0.9149379134178162,
      0.8598607778549194,
      0.7812888026237488,
      0.7262070775032043,
      0.6780111193656921,
      0.6240928769111633,
      0.5871882438659668,
      0.5458582639694214
    ],
    "train_acc": [
      30.046,
      47.246,
      54.914,
      60.25,
      64.472,
      67.928,
      70.134,
      72.474,
      74.378,
      76.184,
      78.248,
      79.404,
      80.824
    ],
    "test_loss": [
      1.5729717016220093,
      1.3626586198806763,
      1.1644188165664673,
      1.1426916122436523,
      1.0057499408721924,
      0.948133647441864,
      0.9239622354507446,
      1.051114559173584,
      0.9704962372779846,
      0.8331969380378723,
      0.9969983696937561,
      0.8792707324028015,
      1.0360994338989258
    ],
    "test_acc": [
      43.54,
      50.47,
      58.27,
      59.14,
      64.42,
      66.87,
      67.76,
      64.27,
      66.75,
      71.55,
      66.76,
      70.08,
      66.66
    ]
  }
}