{
  "config": {
    "run_name": "exp1_2_L2_K258",
    "out_dir": "./results",
    "seed": 1207510613,
    "bs_train": 128,
    "bs_test": 32,
    "batches": 100,
    "epochs": 100,
    "early_stopping": 3,
    "checkpoints": null,
    "lr": 0.001,
    "reg": 0.001,
    "filters_per_layer": [
      258
    ],
    "pool_every": 4,
    "hidden_dims": [
      1024
    ],
    "ycn": false,
    "kw": {},
    "layers_per_block": 2
  },
  "results": {
    "num_epochs": 0,
    "train_loss": [
      7.361396789550781,
      1.417236328125,
      1.2768689393997192,
      1.1294410228729248,
      1.0677649974822998,
      0.9867293238639832,
      0.9010965824127197,
      0.8431979417800903,
      0.7732773423194885,
      0.711822509765625,
      0.6511467695236206,
      0.6402453780174255,
      0.5458855032920837
    ],
    "train_acc": [
      32.428,
      50.362,
      55.886,
      59.954,
      62.812,
      65.652,
      68.55,
      70.624,
      73.072,
      75.244,
      77.798,
      78.91,
      81.286
    ],
    "test_loss": [
      1.4567424058914185,
      1.3136345148086548,
      1.2125767469406128,
      1.146263599395752,
      1.0937508344650269,
      1.1336395740509033,
      1.2362544536590576,
      1.005071759223938,
      1.017099380493164,
      1.0077868700027466,
      1.0371330976486206,
      1.1825121641159058,
      1.1041741371154785
    ],
    "test_acc": [
      47.73,
      52.35,
      56.66,
      58.78,
      61.75,
      60.42,
      57.79,
      65.1,
      64.97,
      65.71,
      65.19,
      61.89,
      63.81
    ]
  }
}