{
  "config": {
    "run_name": "exp1_1_K64_L8",
    "out_dir": "./results",
    "seed": 143534,
    "bs_train": 128,
    "bs_test": 32,
    "batches": 100,
    "epochs": 100,
    "early_stopping": 3,
    "checkpoints": null,
    "lr": 0.001,
    "reg": 0.001,
    "filters_per_layer": [
      32
    ],
    "pool_every": 2,
    "hidden_dims": [
      100,
      100
    ],
    "ycn": false,
    "kw": {},
    "layers_per_block": 4
  },
  "results": {
    "num_epochs": 0,
    "train_loss": [
      2.0700600147247314,
      1.7380180358886719,
      1.5692813396453857,
      1.476744532585144,
      1.4076035022735596,
      1.3427541255950928,
      1.2822366952896118,
      1.221759557723999,
      1.160239338874817,
      1.1118626594543457,
      1.0638405084609985,
      1.0234951972961426,
      0.9824094772338867,
      0.9467751383781433,
      0.9115338921546936,
      0.8798732757568359,
      0.8515856266021729,
      0.8247678279876709,
      0.7966043949127197,
      0.776204526424408,
      0.758137583732605,
      0.7337903380393982,
      0.7152976989746094,
      0.6978812217712402,
      0.6810625791549683
    ],
    "train_acc": [
      23.164,
      37.066,
      43.626,
      47.05,
      49.478,
      51.94,
      53.778,
      56.234,
      58.892,
      60.618,
      62.106,
      63.878,
      65.22,
      66.612,
      67.952,
      69.066,
      70.01,
      71.008,
      71.956,
      72.604,
      73.264,
      74.13,
      75.014,
      75.446,
      75.902
    ],
    "test_loss": [
      1.80728280544281,
      1.6809951066970825,
      1.5255078077316284,
      1.5265592336654663,
      1.4133368730545044,
      1.3566569089889526,
      1.2487056255340576,
      1.296502709388733,
      1.2342318296432495,
      1.195968747138977,
      1.1685845851898193,
      1.141473650932312,
      1.1062335968017578,
      1.0620028972625732,
      1.0240954160690308,
      1.0929491519927979,
      1.1298993825912476,
      0.9715955257415771,
      0.98646080493927,
      0.952990710735321,
      0.9675024747848511,
      0.9313113689422607,
      0.9558171629905701,
      1.0410412549972534,
      1.014488935470581
    ],
    "test_acc": [
      35.09,
      38.79,
      44.71,
      45.63,
      49.45,
      52.07,
      54.94,
      53.41,
      55.51,
      57.45,
      58.45,
      60.07,
      61.02,
      62.63,
      63.83,
      62.44,
      61.73,
      66.25,
      65.43,
      67.23,
      66.27,
      67.88,
      67.31,
      65.62,
      66.26
    ]
  }
}