{
  "config": {
    "run_name": "exp1_2_L8_K128",
    "out_dir": "./results",
    "seed": 1207510613,
    "bs_train": 128,
    "bs_test": 32,
    "batches": 100,
    "epochs": 100,
    "early_stopping": 3,
    "checkpoints": null,
    "lr": 0.0001,
    "reg": 1e-06,
    "filters_per_layer": [
      128
    ],
    "pool_every": 4,
    "hidden_dims": [
      1024
    ],
    "ycn": false,
    "kw": {},
    "layers_per_block": 8
  },
  "results": {
    "num_epochs": 0,
    "train_loss": [
      1.845518946647644,
      1.4235814809799194,
      1.2456191778182983,
      1.0991166830062866,
      0.9582847356796265,
      0.802704393863678,
      0.6257349252700806,
      0.4209121763706207,
      0.2292730212211609,
      0.11778539419174194,
      0.07913757860660553
    ],
    "train_acc": [
      32.686,
      49.008,
      55.732,
      61.554,
      66.504,
      72.062,
      78.358,
      85.846,
      92.296,
      96.048,
      97.364
    ],
    "test_loss": [
      1.5132758617401123,
      1.3199498653411865,
      1.1786977052688599,
      1.1540664434432983,
      1.0825631618499756,
      0.9932896494865417,
      1.0639029741287231,
      1.1614173650741577,
      1.4614750146865845,
      2.0262537002563477,
      2.132739543914795
    ],
    "test_acc": [
      45.08,
      52.53,
      57.25,
      59.05,
      61.78,
      65.44,
      64.55,
      66.65,
      64.69,
      64.02,
      65.62
    ]
  }
}