{
  "config": {
    "run_name": "exp1_3_L4_K64-128-256",
    "out_dir": "./results",
    "seed": 1583404566,
    "bs_train": 128,
    "bs_test": 32,
    "batches": 100,
    "epochs": 100,
    "early_stopping": 3,
    "checkpoints": null,
    "lr": 0.0001,
    "reg": 1e-06,
    "filters_per_layer": [
      64,
      128,
      258
    ],
    "pool_every": 3,
    "hidden_dims": [
      1024
    ],
    "ycn": false,
    "kw": {},
    "layers_per_block": 4
  },
  "results": {
    "num_epochs": 0,
    "train_loss": [
      2.098684549331665,
      1.82292902469635,
      1.703149676322937,
      1.6089791059494019,
      1.5124818086624146,
      1.4315897226333618,
      1.3618049621582031,
      1.2939074039459229,
      1.2303622961044312,
      1.1663272380828857,
      1.1091395616531372,
      1.0625444650650024,
      1.0105518102645874,
      0.9655771255493164,
      0.9267709851264954,
      0.8880257606506348,
      0.853459894657135,
      0.8232445120811462,
      0.7856019139289856,
      0.7593176364898682,
      0.7266456484794617,
      0.6976041197776794,
      0.6706936359405518,
      0.6402656435966492,
      0.6103870868682861,
      0.5811184644699097
    ],
    "train_acc": [
      21.41,
      32.51,
      36.838,
      39.842,
      43.752,
      47.06,
      49.84,
      52.554,
      55.162,
      57.51,
      59.84,
      61.604,
      63.54,
      65.216,
      66.738,
      68.05,
      69.278,
      70.46,
      71.802,
      72.906,
      74.17,
      75.206,
      76.282,
      77.258,
      78.196,
      79.326
    ],
    "test_loss": [
      1.8746719360351562,
      1.7452963590621948,
      1.629772663116455,
      1.5035860538482666,
      1.5134556293487549,
      1.4361670017242432,
      1.3474302291870117,
      1.2417296171188354,
      1.1849898099899292,
      1.4103542566299438,
      1.3848419189453125,
      1.1425868272781372,
      1.1454843282699585,
      1.033107042312622,
      0.9942104816436768,
      0.9900308847427368,
      0.9347962737083435,
      0.9433861970901489,
      0.971394419670105,
      0.9175785183906555,
      0.8744759559631348,
      0.8666799664497375,
      0.8428156971931458,
      0.8874892592430115,
      1.081027865409851,
      0.8736194372177124
    ],
    "test_acc": [
      30.94,
      34.88,
      39.02,
      43.79,
      44.15,
      46.48,
      50.06,
      54.7,
      57.01,
      51.03,
      51.67,
      58.79,
      59.33,
      62.75,
      64.57,
      64.9,
      66.62,
      66.62,
      66.05,
      68.53,
      69.39,
      70.01,
      70.68,
      69.82,
      65.63,
      70.67
    ]
  }
}