{
  "config": {
    "run_name": "exp1_1_K32_L16",
    "out_dir": "./results",
    "seed": 209652312,
    "bs_train": 128,
    "bs_test": 32,
    "batches": 100,
    "epochs": 100,
    "early_stopping": 3,
    "checkpoints": null,
    "lr": 0.001,
    "reg": 0.001,
    "filters_per_layer": [
      32
    ],
    "pool_every": 2,
    "hidden_dims": [
      100,
      100
    ],
    "ycn": false,
    "kw": {},
    "layers_per_block": 4
  },
  "results": {
    "num_epochs": 0,
    "train_loss": [
      2.025940179824829,
      1.7237242460250854,
      1.5449445247650146,
      1.4388784170150757,
      1.3220371007919312,
      1.216404676437378,
      1.131399154663086,
      1.0636194944381714,
      1.0089306831359863,
      0.962459146976471,
      0.9212159514427185,
      0.8905174732208252,
      0.8519560098648071,
      0.8212174773216248,
      0.7896578907966614,
      0.7631272673606873,
      0.7394174337387085,
      0.7156137824058533,
      0.6925177574157715,
      0.6729633212089539,
      0.6508186459541321
    ],
    "train_acc": [
      24.924,
      37.714,
      43.942,
      48.156,
      52.614,
      56.52,
      59.664,
      62.398,
      63.996,
      65.834,
      67.532,
      68.686,
      69.954,
      71.018,
      72.138,
      73.074,
      73.626,
      74.618,
      75.57,
      76.178,
      76.936
    ],
    "test_loss": [
      1.8607053756713867,
      1.5774561166763306,
      1.4522531032562256,
      1.4423778057098389,
      1.3324530124664307,
      1.215174913406372,
      1.1120977401733398,
      1.1925170421600342,
      1.0401043891906738,
      1.0257749557495117,
      1.0675426721572876,
      1.0086300373077393,
      0.9718210697174072,
      0.9332348108291626,
      0.9201991558074951,
      0.9556237459182739,
      1.0460094213485718,
      0.9132227897644043,
      0.9392881989479065,
      0.95814448595047,
      1.0426908731460571
    ],
    "test_acc": [
      32.41,
      42.17,
      47.18,
      47.56,
      51.71,
      56.28,
      60.11,
      57.23,
      63.26,
      63.2,
      62.08,
      64.88,
      66.13,
      67.16,
      68.45,
      66.64,
      64.43,
      68.91,
      68.14,
      67.14,
      66.27
    ]
  }
}