{
  "config": {
    "run_name": "exp1_1_K32_L8",
    "out_dir": "./results",
    "seed": 143534,
    "bs_train": 128,
    "bs_test": 32,
    "batches": 100,
    "epochs": 100,
    "early_stopping": 3,
    "checkpoints": null,
    "lr": 0.001,
    "reg": 0.001,
    "filters_per_layer": [
      32
    ],
    "pool_every": 2,
    "hidden_dims": [
      100,
      100
    ],
    "ycn": false,
    "kw": {},
    "layers_per_block": 2
  },
  "results": {
    "num_epochs": 0,
    "train_loss": [
      1.8118749856948853,
      1.404845118522644,
      1.2371852397918701,
      1.1302907466888428,
      1.0406807661056519,
      0.9717368483543396,
      0.9189916253089905,
      0.8713698387145996,
      0.8255390524864197,
      0.7828121185302734,
      0.745232880115509,
      0.7084227800369263,
      0.6733223795890808,
      0.6393522024154663,
      0.6075353622436523
    ],
    "train_acc": [
      34.47,
      49.466,
      55.906,
      59.82,
      63.074,
      65.642,
      67.56,
      69.54,
      70.82,
      72.498,
      73.818,
      75.068,
      76.36,
      77.386,
      78.508
    ],
    "test_loss": [
      1.4912972450256348,
      1.4204844236373901,
      1.3126591444015503,
      1.1219698190689087,
      1.0972849130630493,
      1.0903764963150024,
      1.1081591844558716,
      1.0776796340942383,
      1.0145519971847534,
      0.9982406497001648,
      1.2687039375305176,
      0.9927787184715271,
      1.138242244720459,
      1.0832421779632568,
      1.111880898475647
    ],
    "test_acc": [
      46.31,
      49.93,
      52.66,
      59.74,
      60.33,
      61.13,
      61.04,
      62.41,
      64.75,
      64.86,
      58.48,
      65.77,
      61.89,
      64.29,
      63.61
    ]
  }
}