{
  "config": {
    "run_name": "exp1_2_L8_K64",
    "out_dir": "./results",
    "seed": 1207510613,
    "bs_train": 128,
    "bs_test": 32,
    "batches": 100,
    "epochs": 100,
    "early_stopping": 3,
    "checkpoints": null,
    "lr": 0.0001,
    "reg": 1e-06,
    "filters_per_layer": [
      64
    ],
    "pool_every": 4,
    "hidden_dims": [
      1024
    ],
    "ycn": false,
    "kw": {},
    "layers_per_block": 8
  },
  "results": {
    "num_epochs": 0,
    "train_loss": [
      1.870317816734314,
      1.5304720401763916,
      1.3747957944869995,
      1.2629445791244507,
      1.1636914014816284,
      1.0718265771865845,
      0.9773817658424377,
      0.8788691163063049,
      0.7668418884277344,
      0.6512392163276672,
      0.521569550037384,
      0.38967540860176086,
      0.2667749524116516
    ],
    "train_acc": [
      32.068,
      44.972,
      50.924,
      54.858,
      58.83,
      61.994,
      65.72,
      69.1,
      73.29,
      77.344,
      82.072,
      86.746,
      91.13
    ],
    "test_loss": [
      1.6188101768493652,
      1.4452214241027832,
      1.3402448892593384,
      1.2312356233596802,
      1.1990306377410889,
      1.1210566759109497,
      1.088959813117981,
      1.0606051683425903,
      1.082467794418335,
      1.0962857007980347,
      1.299772024154663,
      1.3490540981292725,
      1.6528024673461914
    ],
    "test_acc": [
      40.92,
      47.96,
      52.05,
      55.79,
      57.43,
      60.09,
      61.06,
      62.87,
      63.73,
      64.45,
      60.53,
      63.21,
      62.68
    ]
  }
}