{
  "config": {
    "run_name": "exp1_2_L4_K128",
    "out_dir": "./results",
    "seed": 1207510613,
    "bs_train": 128,
    "bs_test": 32,
    "batches": 100,
    "epochs": 100,
    "early_stopping": 3,
    "checkpoints": null,
    "lr": 0.001,
    "reg": 0.001,
    "filters_per_layer": [
      128
    ],
    "pool_every": 3,
    "hidden_dims": [
      1024
    ],
    "ycn": false,
    "kw": {},
    "layers_per_block": 3
  },
  "results": {
    "num_epochs": 0,
    "train_loss": [
      6.9218525886535645,
      1.5283719301223755,
      1.3824512958526611,
      1.210150957107544,
      1.0819026231765747,
      0.9733258485794067,
      0.8845841288566589,
      0.8123809099197388,
      0.7177375555038452,
      0.6774418354034424,
      0.553959846496582,
      0.5115978121757507
    ],
    "train_acc": [
      32.402,
      44.674,
      50.354,
      56.804,
      61.422,
      65.82,
      69.004,
      72.034,
      75.17,
      77.066,
      80.788,
      82.606
    ],
    "test_loss": [
      1.6118618249893188,
      1.4470770359039307,
      1.3311767578125,
      1.4667524099349976,
      1.1684328317642212,
      1.0050498247146606,
      0.9925132989883423,
      1.0369749069213867,
      0.9784316420555115,
      1.0800694227218628,
      1.0758464336395264,
      1.1422226428985596
    ],
    "test_acc": [
      40.79,
      47.28,
      51.3,
      48.75,
      57.51,
      64.45,
      64.68,
      63.9,
      66.67,
      64.71,
      64.86,
      64.18
    ]
  }
}