{
  "config": {
    "run_name": "exp1_2_L8_K258",
    "out_dir": "./results",
    "seed": 1207510613,
    "bs_train": 128,
    "bs_test": 32,
    "batches": 100,
    "epochs": 100,
    "early_stopping": 3,
    "checkpoints": null,
    "lr": 0.0001,
    "reg": 1e-06,
    "filters_per_layer": [
      258
    ],
    "pool_every": 4,
    "hidden_dims": [
      1024
    ],
    "ycn": false,
    "kw": {},
    "layers_per_block": 8
  },
  "results": {
    "num_epochs": 0,
    "train_loss": [
      1.871477723121643,
      1.369430661201477,
      1.1336009502410889,
      0.9546141028404236,
      0.7725527286529541,
      0.5555371046066284,
      0.31239813566207886,
      0.14086255431175232,
      0.08014741539955139,
      0.06512552499771118
    ],
    "train_acc": [
      32.042,
      50.866,
      60.032,
      66.632,
      73.07,
      80.79,
      89.434,
      95.26,
      97.302,
      97.778
    ],
    "test_loss": [
      1.5378965139389038,
      1.2633512020111084,
      1.1014829874038696,
      1.0445075035095215,
      0.9779661893844604,
      1.0316946506500244,
      1.2497602701187134,
      1.7605538368225098,
      2.278189182281494,
      2.3045597076416016
    ],
    "test_acc": [
      45.36,
      54.8,
      61.35,
      62.95,
      65.89,
      67.11,
      67.59,
      65.06,
      64.38,
      65.71
    ]
  }
}