{
  "config": {
    "run_name": "exp2_L4_K64-128-256-512",
    "out_dir": "./results",
    "seed": 138357812,
    "bs_train": 128,
    "bs_test": 32,
    "batches": 100,
    "epochs": 100,
    "early_stopping": 3,
    "checkpoints": null,
    "lr": 0.001,
    "reg": 0.001,
    "filters_per_layer": [
      64,
      128,
      258
    ],
    "pool_every": 2,
    "hidden_dims": [
      100,
      100
    ],
    "ycn": false,
    "kw": {},
    "layers_per_block": 1
  },
  "results": {
    "num_epochs": 0,
    "train_loss": [
      1.910480260848999,
      1.4372607469558716,
      1.2239798307418823,
      1.0683174133300781,
      0.9444206357002258,
      0.8804739117622375,
      0.7840276956558228,
      0.7278657555580139,
      0.671728253364563,
      0.6220183372497559,
      0.5845533013343811,
      0.5323168039321899,
      0.4911470115184784
    ],
    "train_acc": [
      30.648,
      48.254,
      56.488,
      62.276,
      66.984,
      69.398,
      72.518,
      74.406,
      76.53,
      78.252,
      79.818,
      81.468,
      82.782
    ],
    "test_loss": [
      1.7155816555023193,
      1.3599488735198975,
      1.1769204139709473,
      1.029202938079834,
      0.958015501499176,
      0.9373919367790222,
      0.9282156825065613,
      0.9460794925689697,
      0.8263615965843201,
      0.8214924931526184,
      0.8305895328521729,
      0.9316698908805847,
      0.8857359886169434
    ],
    "test_acc": [
      40.15,
      50.81,
      57.54,
      63.44,
      65.94,
      67.09,
      67.63,
      67.58,
      71.6,
      72.22,
      71.67,
      69.75,
      71.99
    ]
  }
}