{
  "config": {
    "run_name": "exp2_L2_K64-128-256-512",
    "out_dir": "./results",
    "seed": 138357812,
    "bs_train": 128,
    "bs_test": 32,
    "batches": 100,
    "epochs": 100,
    "early_stopping": 3,
    "checkpoints": null,
    "lr": 0.001,
    "reg": 0.001,
    "filters_per_layer": [
      64,
      128,
      258
    ],
    "pool_every": 2,
    "hidden_dims": [
      100,
      100
    ],
    "ycn": false,
    "kw": {},
    "layers_per_block": 1
  },
  "results": {
    "num_epochs": 0,
    "train_loss": [
      1.945690393447876,
      1.4559133052825928,
      1.2460740804672241,
      1.1062184572219849,
      0.9893677234649658,
      0.9002615809440613,
      0.8230406641960144,
      0.76456218957901,
      0.7040939331054688,
      0.6559377312660217,
      0.6052131056785583,
      0.5701324939727783,
      0.5258604884147644,
      0.49123820662498474,
      0.46001455187797546,
      0.4317115843296051,
      0.40237706899642944,
      0.37556344270706177,
      0.35206931829452515,
      0.32616573572158813
    ],
    "train_acc": [
      29.188,
      47.34,
      55.136,
      60.548,
      65.136,
      68.336,
      70.95,
      73.178,
      75.514,
      77.052,
      78.9,
      80.004,
      81.526,
      82.826,
      83.762,
      84.812,
      85.86,
      86.946,
      87.786,
      88.572
    ],
    "test_loss": [
      1.6198276281356812,
      1.3968429565429688,
      1.1902613639831543,
      1.0490578413009644,
      0.9428151249885559,
      0.9504599571228027,
      0.998265266418457,
      0.8819093108177185,
      0.8694384098052979,
      0.979483425617218,
      0.8564510345458984,
      0.8742133378982544,
      0.9893907904624939,
      0.8706040978431702,
      0.8323123455047607,
      1.099729299545288,
      0.8204666376113892,
      0.8649760484695435,
      0.8958745002746582,
      1.0024470090866089
    ],
    "test_acc": [
      42.07,
      48.75,
      56.92,
      62.72,
      66.7,
      66.43,
      65.44,
      69.45,
      70.45,
      67.13,
      71.06,
      70.9,
      68.06,
      71.55,
      72.63,
      68.69,
      73.63,
      73.4,
      72.34,
      71.05
    ]
  }
}