{
  "config": {
    "run_name": "exp2_L1_K64-128-256-512",
    "out_dir": "./results",
    "seed": 138357812,
    "bs_train": 128,
    "bs_test": 32,
    "batches": 100,
    "epochs": 100,
    "early_stopping": 3,
    "checkpoints": null,
    "lr": 0.001,
    "reg": 0.001,
    "filters_per_layer": [
      64,
      128,
      258
    ],
    "pool_every": 2,
    "hidden_dims": [
      100,
      100
    ],
    "ycn": false,
    "kw": {},
    "layers_per_block": 1
  },
  "results": {
    "num_epochs": 0,
    "train_loss": [
      1.8960061073303223,
      1.4288692474365234,
      1.2243143320083618,
      1.071519136428833,
      0.9550002813339233,
      0.8694444894790649,
      0.7964532971382141,
      0.735138475894928,
      0.6773237586021423,
      0.6264958381652832,
      0.5761380195617676,
      0.5424286723136902,
      0.4946400821208954,
      0.4543324410915375,
      0.41670894622802734,
      0.38187214732170105,
      0.3597215712070465
    ],
    "train_acc": [
      31.426,
      48.514,
      56.314,
      62.104,
      66.518,
      69.568,
      72.24,
      74.134,
      76.448,
      78.298,
      80.0,
      81.366,
      82.906,
      84.154,
      85.358,
      86.508,
      87.628
    ],
    "test_loss": [
      1.5949031114578247,
      1.3880460262298584,
      1.126882553100586,
      1.0349150896072388,
      0.9903949499130249,
      0.9836240410804749,
      0.8901779055595398,
      1.0482027530670166,
      0.8544865250587463,
      0.8479853272438049,
      0.8347784280776978,
      0.9844897985458374,
      0.9553728103637695,
      0.8191801309585571,
      0.8977342247962952,
      1.2820868492126465,
      0.8944816589355469
    ],
    "test_acc": [
      42.92,
      50.17,
      60.1,
      63.65,
      64.64,
      65.52,
      69.01,
      63.58,
      70.69,
      70.98,
      72.13,
      68.45,
      70.05,
      73.36,
      72.68,
      65.88,
      72.97
    ]
  }
}