{
  "config": {
    "run_name": "exp2_L3_K64-128-256-512",
    "out_dir": "./results",
    "seed": 138357812,
    "bs_train": 128,
    "bs_test": 32,
    "batches": 100,
    "epochs": 100,
    "early_stopping": 3,
    "checkpoints": null,
    "lr": 0.001,
    "reg": 0.001,
    "filters_per_layer": [
      64,
      128,
      258
    ],
    "pool_every": 2,
    "hidden_dims": [
      100,
      100
    ],
    "ycn": false,
    "kw": {},
    "layers_per_block": 1
  },
  "results": {
    "num_epochs": 0,
    "train_loss": [
      1.898924708366394,
      1.434500813484192,
      1.222267508506775,
      1.0680464506149292,
      0.9483165144920349,
      0.8563509583473206,
      0.7798814177513123,
      0.7195411324501038,
      0.6637778282165527,
      0.6136436462402344,
      0.5627443790435791,
      0.5248482823371887,
      0.48146599531173706
    ],
    "train_acc": [
      31.036,
      48.206,
      56.268,
      62.32,
      66.72,
      69.936,
      72.798,
      74.586,
      76.68,
      78.452,
      80.45,
      81.6,
      83.166
    ],
    "test_loss": [
      1.5980193614959717,
      1.3284447193145752,
      1.139091968536377,
      1.0079656839370728,
      0.9798804521560669,
      0.9301711320877075,
      0.9455204606056213,
      0.9035530686378479,
      0.895430862903595,
      0.8650630116462708,
      0.8406325578689575,
      0.8692985773086548,
      0.9575092196464539
    ],
    "test_acc": [
      42.73,
      51.49,
      59.75,
      64.92,
      65.22,
      67.49,
      66.72,
      68.73,
      69.31,
      71.23,
      71.14,
      71.12,
      70.55
    ]
  }
}